epoch,time,train/box_loss,train/cls_loss,train/dfl_loss,metrics/precision(B),metrics/recall(B),metrics/mAP50(B),metrics/mAP50-95(B),val/box_loss,val/cls_loss,val/dfl_loss,lr/pg0,lr/pg1,lr/pg2
1,41.558,3.07435,7.2141,4.47558,0,0,0,0,2.86269,5.35232,3.86366,0.00326923,0.00326923,0.00326923
2,50.6306,3.09618,6.93543,4.2627,0,0,0,0,2.86601,5.34933,3.88065,0.00660255,0.00660255,0.00660255
3,59.6096,2.95693,6.79615,4.0872,0.40055,0.00222,0.00014,2e-05,2.84781,31.1359,4.54804,0.0099358,0.0099358,0.0099358
4,69.5089,2.72621,6.44227,3.6398,0.48058,0.00254,0.0002,7e-05,2.95976,inf,7.45099,0.00999978,0.00999978,0.00999978
5,79.1718,2.56526,5.92243,3.24217,0.06802,0.06463,0.00393,0.00135,2.39866,inf,3.41198,0.00999961,0.00999961,0.00999961
6,87.9694,2.44063,5.27835,2.9979,0.31423,0.10307,0.02243,0.00967,2.17191,11.2598,2.77112,0.00999939,0.00999939,0.00999939
7,97.1912,2.30368,4.84689,2.74329,0.26349,0.09808,0.04782,0.02212,1.9924,10.5231,2.4995,0.00999912,0.00999912,0.00999912
8,106.602,2.26411,4.37757,2.64725,0.26944,0.14646,0.09568,0.04185,1.96488,7.19808,2.48657,0.0099988,0.0099988,0.0099988
9,115.767,2.03939,4.07417,2.49392,0.31917,0.1976,0.15333,0.07113,1.84138,4.31691,2.28465,0.00999844,0.00999844,0.00999844
10,124.632,2.03979,3.84565,2.42838,0.38281,0.19825,0.17723,0.08224,1.79239,2.73824,2.17302,0.00999802,0.00999802,0.00999802
11,133.461,1.93514,3.55756,2.36787,0.43209,0.2292,0.22257,0.11883,1.64639,3.70317,2.09738,0.00999756,0.00999756,0.00999756
12,142.168,1.84017,3.53971,2.27266,0.53285,0.21044,0.25261,0.1419,1.56108,2.13837,2.00868,0.00999704,0.00999704,0.00999704
13,151.612,1.81543,3.25,2.22829,0.35945,0.24137,0.21971,0.12357,1.58707,2.26546,2.01761,0.00999648,0.00999648,0.00999648
14,160.756,1.74034,3.05374,2.18538,0.47123,0.25,0.28159,0.15573,1.51825,2.80116,1.91171,0.00999587,0.00999587,0.00999587
15,169.602,1.66122,2.8916,2.06072,0.63735,0.30951,0.39379,0.2344,1.33622,1.94099,1.75942,0.00999521,0.00999521,0.00999521
16,178.941,1.64019,2.72281,2.03406,0.70118,0.35554,0.41291,0.25094,1.28512,1.77737,1.72568,0.0099945,0.0099945,0.0099945
17,187.975,1.59169,2.5387,1.97997,0.58037,0.36775,0.40958,0.25091,1.30848,2.12413,1.74115,0.00999375,0.00999375,0.00999375
18,196.646,1.53806,2.45367,2.00225,0.62568,0.36703,0.40927,0.25621,1.27183,1.63599,1.71291,0.00999294,0.00999294,0.00999294
19,205.389,1.48689,2.44051,1.95193,0.59762,0.42429,0.45797,0.3035,1.20604,1.51938,1.63875,0.00999209,0.00999209,0.00999209
20,213.972,1.45887,2.2977,1.92128,0.69753,0.36363,0.45545,0.2886,1.33734,1.67377,1.76684,0.00999118,0.00999118,0.00999118
21,222.94,1.45254,2.2061,1.85817,0.57251,0.44284,0.50316,0.33044,1.26971,1.44212,1.69459,0.00999023,0.00999023,0.00999023
22,231.886,1.39014,2.05781,1.78808,0.71073,0.46105,0.51247,0.35094,1.15886,1.72785,1.59968,0.00998923,0.00998923,0.00998923
23,241.089,1.41995,2.09068,1.80021,0.56857,0.44765,0.48133,0.31015,1.16631,1.42621,1.60143,0.00998818,0.00998818,0.00998818
24,250.144,1.36636,2.0102,1.77063,0.61613,0.53829,0.53552,0.35809,1.13346,1.44017,1.55334,0.00998708,0.00998708,0.00998708
25,259.205,1.36209,1.90193,1.76666,0.69877,0.54756,0.58518,0.39339,1.10157,1.35528,1.53863,0.00998594,0.00998594,0.00998594
26,268.187,1.32095,1.9487,1.75222,0.73718,0.55689,0.58662,0.38486,1.09468,1.34512,1.52922,0.00998474,0.00998474,0.00998474
27,277.24,1.35691,1.87434,1.75558,0.71666,0.51951,0.5968,0.40627,1.06251,1.39338,1.49724,0.0099835,0.0099835,0.0099835
28,286.136,1.31398,1.81322,1.7328,0.64085,0.56552,0.59989,0.3937,1.15033,1.37674,1.57789,0.0099822,0.0099822,0.0099822
29,295.35,1.296,1.72298,1.67692,0.70554,0.60444,0.6209,0.42502,1.05554,1.35527,1.47828,0.00998086,0.00998086,0.00998086
30,304.418,1.27857,1.70164,1.69184,0.65161,0.58668,0.62655,0.43295,1.03144,1.20222,1.4341,0.00997947,0.00997947,0.00997947
31,313.442,1.24161,1.64363,1.63654,0.6493,0.62963,0.65612,0.45873,1.00332,1.15933,1.43962,0.00997803,0.00997803,0.00997803
32,322.774,1.23345,1.55512,1.57752,0.68781,0.50153,0.64359,0.43783,1.07105,1.39488,1.4823,0.00997654,0.00997654,0.00997654
33,331.717,1.21106,1.54398,1.61157,0.70536,0.55127,0.61296,0.41567,1.02733,1.27664,1.44384,0.00997501,0.00997501,0.00997501
34,340.457,1.20206,1.53077,1.61692,0.75227,0.58225,0.65496,0.45986,1.01958,1.0509,1.43916,0.00997342,0.00997342,0.00997342
35,349.412,1.205,1.56703,1.6368,0.73268,0.62479,0.67549,0.47201,0.99576,1.05496,1.41555,0.00997179,0.00997179,0.00997179
36,358.41,1.18412,1.46392,1.57378,0.75096,0.57167,0.66557,0.44856,1.07652,1.2282,1.49167,0.00997011,0.00997011,0.00997011
37,367.51,1.19752,1.43849,1.57392,0.81877,0.6003,0.70862,0.51044,0.95076,1.00599,1.37461,0.00996838,0.00996838,0.00996838
38,376.405,1.22152,1.45078,1.56987,0.78513,0.64224,0.68542,0.48232,0.95606,0.99982,1.37462,0.0099666,0.0099666,0.0099666
39,385.092,1.11624,1.36526,1.51982,0.81831,0.61305,0.6982,0.49278,0.97265,0.9951,1.3909,0.00996477,0.00996477,0.00996477
40,393.96,1.13821,1.38808,1.56005,0.7241,0.66892,0.72879,0.51753,0.96138,0.97521,1.36595,0.00996289,0.00996289,0.00996289
41,402.844,1.19644,1.35706,1.52522,0.75687,0.65741,0.76842,0.56018,0.92385,0.95127,1.33239,0.00996097,0.00996097,0.00996097
42,411.738,1.19651,1.26604,1.50094,0.79627,0.62853,0.72997,0.52072,0.96209,0.96896,1.38012,0.00995899,0.00995899,0.00995899
43,420.47,1.14247,1.27324,1.51917,0.85888,0.62045,0.76253,0.54009,0.92926,1.03735,1.34985,0.00995697,0.00995697,0.00995697
44,429.285,1.13057,1.25566,1.52362,0.80771,0.632,0.76165,0.54465,0.94685,0.93409,1.36029,0.0099549,0.0099549,0.0099549
45,437.902,1.1111,1.23021,1.49801,0.75328,0.66582,0.72529,0.53769,0.89649,0.97279,1.3162,0.00995278,0.00995278,0.00995278
46,446.776,1.07687,1.21341,1.50679,0.83043,0.64165,0.7463,0.541,0.8949,1.00784,1.30537,0.00995062,0.00995062,0.00995062
47,455.587,1.07347,1.17088,1.4567,0.73506,0.70032,0.78877,0.5705,0.88016,0.87343,1.2845,0.0099484,0.0099484,0.0099484
48,464.469,1.08446,1.20006,1.48218,0.83894,0.68898,0.78508,0.5637,0.88756,0.87391,1.30393,0.00994614,0.00994614,0.00994614
49,473.171,1.07204,1.20171,1.47044,0.82218,0.69316,0.78691,0.56676,0.89717,1.00894,1.30753,0.00994383,0.00994383,0.00994383
50,482.022,1.12388,1.18325,1.49408,0.82565,0.62299,0.75673,0.54879,0.91126,0.89264,1.31708,0.00994147,0.00994147,0.00994147
51,490.701,1.07068,1.11611,1.45432,0.79229,0.68923,0.7888,0.58276,0.86915,0.97424,1.28533,0.00993906,0.00993906,0.00993906
52,499.65,1.07283,1.09379,1.43672,0.77752,0.746,0.80102,0.58114,0.87315,0.90203,1.28887,0.0099366,0.0099366,0.0099366
53,508.566,1.09343,1.0946,1.4328,0.7481,0.72844,0.79291,0.5873,0.90899,0.90294,1.32181,0.0099341,0.0099341,0.0099341
54,517.433,1.06148,1.10079,1.43449,0.847,0.69364,0.80448,0.58962,0.848,0.85065,1.26869,0.00993154,0.00993154,0.00993154
55,526.255,1.00961,1.07752,1.43383,0.8338,0.74389,0.82981,0.6037,0.86845,0.80962,1.26748,0.00992894,0.00992894,0.00992894
56,535.012,1.05015,1.07574,1.42985,0.8598,0.64885,0.7925,0.58801,0.85586,0.92773,1.26843,0.00992629,0.00992629,0.00992629
57,544.21,1.01953,1.03524,1.41737,0.85461,0.70721,0.83287,0.61425,0.85401,0.81301,1.25841,0.00992359,0.00992359,0.00992359
58,553.176,1.0059,1.02222,1.38858,0.70529,0.80723,0.82303,0.60277,0.84817,0.91965,1.26109,0.00992085,0.00992085,0.00992085
59,561.769,1.03074,1.03596,1.40079,0.66951,0.75526,0.82497,0.61034,0.8975,0.84548,1.3021,0.00991805,0.00991805,0.00991805
60,570.253,1.017,1.00931,1.42371,0.78667,0.78653,0.84666,0.61497,0.91041,0.83822,1.30361,0.00991521,0.00991521,0.00991521
61,579.681,0.98864,0.9941,1.37307,0.83223,0.78647,0.88104,0.63792,0.82572,0.77024,1.23071,0.00991232,0.00991232,0.00991232
62,588.933,0.98524,0.98429,1.39867,0.78921,0.78189,0.85286,0.62985,0.82428,0.78077,1.2355,0.00990938,0.00990938,0.00990938
63,597.792,0.99423,0.97923,1.38138,0.74619,0.84745,0.87143,0.63895,0.80936,0.76989,1.22641,0.0099064,0.0099064,0.0099064
64,606.459,0.999,0.98075,1.38855,0.78671,0.82933,0.85545,0.63484,0.8241,0.74265,1.24277,0.00990336,0.00990336,0.00990336
65,615.336,0.96572,0.9094,1.3514,0.78239,0.79839,0.84725,0.59281,0.93203,0.83717,1.32251,0.00990028,0.00990028,0.00990028
66,624.057,0.99323,0.9264,1.40049,0.76273,0.76728,0.83695,0.62177,0.81529,0.79385,1.22465,0.00989715,0.00989715,0.00989715
67,633.135,0.99724,0.91283,1.34289,0.73958,0.8175,0.85022,0.64306,0.80396,0.74327,1.22119,0.00989398,0.00989398,0.00989398
68,641.976,0.99032,0.94577,1.36779,0.82629,0.80426,0.85969,0.65062,0.81001,0.80185,1.22467,0.00989075,0.00989075,0.00989075
69,651.141,0.98449,0.94347,1.38189,0.79858,0.83381,0.8807,0.65563,0.80344,0.71867,1.22209,0.00988748,0.00988748,0.00988748
70,660.066,0.92663,0.92438,1.34863,0.79412,0.83474,0.8718,0.63988,0.82542,0.74888,1.23402,0.00988416,0.00988416,0.00988416
71,668.943,0.96381,0.92856,1.35694,0.84202,0.79386,0.85148,0.63773,0.81219,0.76038,1.21427,0.00988079,0.00988079,0.00988079
72,678.271,0.946,0.91078,1.34486,0.82575,0.80542,0.84924,0.63154,0.82494,0.81978,1.22736,0.00987737,0.00987737,0.00987737
73,687.236,0.92033,0.89536,1.31871,0.88032,0.78207,0.86871,0.65664,0.79853,0.71891,1.20382,0.00987391,0.00987391,0.00987391
74,696.279,0.96661,0.88488,1.3103,0.82527,0.80626,0.85584,0.62528,0.8164,0.71358,1.23261,0.0098704,0.0098704,0.0098704
75,705.416,0.97025,0.92103,1.35274,0.83851,0.83475,0.89094,0.67379,0.79727,0.74718,1.20607,0.00986684,0.00986684,0.00986684
76,714.401,0.92094,0.89582,1.35449,0.85034,0.84045,0.8857,0.66945,0.78327,0.73122,1.20715,0.00986323,0.00986323,0.00986323
77,723.347,0.93762,0.86855,1.32277,0.86393,0.76962,0.879,0.66462,0.80661,0.68797,1.20361,0.00985958,0.00985958,0.00985958
78,732.181,0.92259,0.86128,1.31074,0.81956,0.80989,0.87759,0.65491,0.80407,0.81631,1.21445,0.00985588,0.00985588,0.00985588
79,741.032,0.94207,0.85649,1.29938,0.72236,0.86514,0.86584,0.646,0.82096,0.68732,1.20591,0.00985213,0.00985213,0.00985213
80,749.802,0.91865,0.86703,1.33758,0.87998,0.82551,0.9045,0.68352,0.78168,0.67275,1.18698,0.00984833,0.00984833,0.00984833
81,758.619,0.92356,0.84518,1.28394,0.83516,0.77614,0.85587,0.64053,0.79291,0.69153,1.19162,0.00984449,0.00984449,0.00984449
82,767.335,0.9101,0.85107,1.33645,0.82562,0.83766,0.89533,0.68959,0.76641,0.68969,1.18129,0.0098406,0.0098406,0.0098406
83,776.13,0.91845,0.81609,1.29826,0.78864,0.86225,0.88227,0.67353,0.79068,0.65157,1.18993,0.00983666,0.00983666,0.00983666
84,784.816,0.9066,0.8268,1.29117,0.8344,0.80979,0.88684,0.6863,0.78275,0.70552,1.18505,0.00983267,0.00983267,0.00983267
85,793.583,0.91554,0.81697,1.28168,0.78311,0.71887,0.84064,0.62122,0.86275,0.7745,1.25149,0.00982864,0.00982864,0.00982864
86,802.303,0.90782,0.81279,1.31092,0.89154,0.84072,0.89154,0.67605,0.77677,0.64708,1.16962,0.00982456,0.00982456,0.00982456
87,811.197,0.91451,0.80482,1.28002,0.79713,0.88086,0.90412,0.69465,0.75147,0.69749,1.16122,0.00982043,0.00982043,0.00982043
88,819.949,0.8543,0.80577,1.27458,0.76643,0.88854,0.88174,0.68215,0.77415,0.66427,1.17278,0.00981626,0.00981626,0.00981626
89,828.567,0.88089,0.79324,1.27745,0.80403,0.87555,0.90607,0.69337,0.77371,0.66354,1.16626,0.00981204,0.00981204,0.00981204
90,837.321,0.86849,0.78079,1.2579,0.87517,0.87056,0.91113,0.70202,0.77663,0.64203,1.16804,0.00980777,0.00980777,0.00980777
91,846.254,0.91663,0.80302,1.26541,0.82726,0.83912,0.88883,0.66731,0.80151,0.75522,1.19639,0.00980345,0.00980345,0.00980345
92,854.923,0.8642,0.76658,1.24636,0.86449,0.84105,0.90107,0.68862,0.7526,0.63844,1.1565,0.00979909,0.00979909,0.00979909
93,863.465,0.90665,0.81477,1.3091,0.86447,0.81866,0.88459,0.67559,0.78713,0.67654,1.19089,0.00979468,0.00979468,0.00979468
94,872.331,0.8502,0.76375,1.27074,0.82741,0.88474,0.9172,0.70488,0.75013,0.66199,1.1651,0.00979023,0.00979023,0.00979023
95,881.096,0.8678,0.77832,1.28537,0.80563,0.85532,0.90029,0.69841,0.75858,0.61574,1.1603,0.00978572,0.00978572,0.00978572
96,889.788,0.89754,0.79761,1.2752,0.8908,0.8037,0.91299,0.70111,0.76165,0.62078,1.17721,0.00978118,0.00978118,0.00978118
97,898.602,0.85373,0.74394,1.2579,0.84696,0.85671,0.93252,0.71326,0.75894,0.6416,1.16229,0.00977658,0.00977658,0.00977658
98,907.289,0.86877,0.75249,1.26855,0.83999,0.80306,0.89331,0.6803,0.77376,0.68684,1.18519,0.00977194,0.00977194,0.00977194
99,916.149,0.85913,0.7419,1.23048,0.85971,0.82392,0.91011,0.70523,0.74203,0.62427,1.1442,0.00976725,0.00976725,0.00976725
100,924.901,0.88206,0.75853,1.25605,0.86021,0.85517,0.92009,0.70245,0.76736,0.62584,1.16448,0.00976251,0.00976251,0.00976251
101,933.698,0.87304,0.74112,1.23757,0.8042,0.87593,0.90398,0.68528,0.75025,0.62878,1.1546,0.00975773,0.00975773,0.00975773
102,942.649,0.88033,0.75945,1.24573,0.79947,0.91932,0.92846,0.70745,0.72988,0.59737,1.13845,0.0097529,0.0097529,0.0097529
103,951.632,0.82199,0.71384,1.24031,0.83234,0.87775,0.90274,0.69749,0.77514,0.60711,1.16871,0.00974803,0.00974803,0.00974803
104,960.531,0.82647,0.72093,1.24122,0.71334,0.91827,0.90512,0.67149,0.77649,0.6326,1.17638,0.0097431,0.0097431,0.0097431
105,969.496,0.85768,0.75198,1.26357,0.84969,0.86809,0.90032,0.70556,0.7305,0.60499,1.14485,0.00973814,0.00973814,0.00973814
106,978.79,0.87077,0.72277,1.21289,0.78659,0.88006,0.90266,0.69673,0.74733,0.62743,1.16774,0.00973312,0.00973312,0.00973312
107,987.735,0.81694,0.71458,1.24097,0.813,0.8483,0.91587,0.70066,0.74662,0.64444,1.15972,0.00972806,0.00972806,0.00972806
108,996.816,0.86385,0.70986,1.22425,0.87745,0.86871,0.93725,0.70752,0.74984,0.61575,1.1542,0.00972296,0.00972296,0.00972296
109,1005.7,0.85509,0.73546,1.26075,0.80947,0.87771,0.90461,0.71099,0.73799,0.61632,1.15766,0.0097178,0.0097178,0.0097178
110,1014.6,0.81599,0.71672,1.25969,0.84653,0.86566,0.90494,0.69511,0.74318,0.60388,1.16029,0.0097126,0.0097126,0.0097126
111,1023.62,0.8616,0.72946,1.2651,0.80827,0.90428,0.91594,0.71135,0.73076,0.61727,1.14802,0.00970736,0.00970736,0.00970736
112,1032.54,0.84403,0.74515,1.24309,0.80733,0.92375,0.95182,0.72567,0.75007,0.61153,1.14524,0.00970207,0.00970207,0.00970207
113,1041.25,0.84296,0.72177,1.2512,0.82895,0.90481,0.91786,0.7117,0.75592,0.59097,1.158,0.00969673,0.00969673,0.00969673
114,1049.99,0.7982,0.70834,1.23286,0.86671,0.8811,0.90965,0.70241,0.74972,0.59879,1.14872,0.00969135,0.00969135,0.00969135
115,1058.78,0.81797,0.70497,1.22212,0.81342,0.91551,0.93463,0.72999,0.73201,0.57753,1.14474,0.00968592,0.00968592,0.00968592
116,1067.46,0.81829,0.70547,1.21395,0.85066,0.87964,0.93713,0.73006,0.72642,0.58412,1.14138,0.00968045,0.00968045,0.00968045
117,1076.27,0.81527,0.673,1.2104,0.8496,0.89065,0.91727,0.72011,0.72325,0.59632,1.13598,0.00967493,0.00967493,0.00967493
118,1085,0.78029,0.65667,1.17881,0.8125,0.86338,0.91671,0.70464,0.7474,0.58625,1.15749,0.00966936,0.00966936,0.00966936
119,1093.71,0.87282,0.71823,1.23724,0.83412,0.89004,0.91969,0.72779,0.7215,0.59446,1.14168,0.00966375,0.00966375,0.00966375
120,1102.97,0.80598,0.67646,1.21328,0.82435,0.91356,0.92582,0.72508,0.72096,0.56217,1.12633,0.0096581,0.0096581,0.0096581
121,1112.21,0.79762,0.68018,1.21244,0.86249,0.89769,0.93171,0.73699,0.725,0.5594,1.13109,0.00965239,0.00965239,0.00965239
122,1121.43,0.83255,0.69344,1.21692,0.90042,0.87073,0.9402,0.72734,0.72218,0.57166,1.13499,0.00964665,0.00964665,0.00964665
123,1130.33,0.79527,0.67862,1.23643,0.84272,0.94859,0.95974,0.75463,0.7208,0.55422,1.12681,0.00964085,0.00964085,0.00964085
124,1139.22,0.78596,0.65928,1.20017,0.84092,0.93369,0.93636,0.73447,0.71682,0.55112,1.13349,0.00963502,0.00963502,0.00963502
125,1148,0.80682,0.66249,1.22254,0.8313,0.91706,0.92505,0.72688,0.7313,0.56411,1.13226,0.00962913,0.00962913,0.00962913
126,1156.92,0.78545,0.65139,1.21347,0.87882,0.89697,0.94959,0.74059,0.71982,0.55164,1.12097,0.0096232,0.0096232,0.0096232
127,1165.55,0.77544,0.67989,1.19533,0.87234,0.90247,0.94104,0.7271,0.74006,0.56523,1.15238,0.00961723,0.00961723,0.00961723
128,1174.54,0.83752,0.67946,1.22476,0.88518,0.85589,0.94498,0.7436,0.72629,0.57207,1.13607,0.00961121,0.00961121,0.00961121
129,1183.66,0.84158,0.69352,1.23577,0.87713,0.89096,0.96886,0.76162,0.71863,0.58192,1.13098,0.00960515,0.00960515,0.00960515
130,1192.37,0.83448,0.65779,1.21026,0.90544,0.83553,0.95113,0.74476,0.70505,0.55506,1.11631,0.00959904,0.00959904,0.00959904
131,1200.94,0.78447,0.65616,1.19282,0.82431,0.89498,0.93953,0.73496,0.71727,0.56764,1.12115,0.00959289,0.00959289,0.00959289
132,1210.08,0.78599,0.65153,1.19511,0.86597,0.9261,0.96689,0.75641,0.69838,0.54176,1.11874,0.00958669,0.00958669,0.00958669
133,1218.94,0.78759,0.65395,1.18889,0.85259,0.92756,0.97299,0.7653,0.71661,0.53684,1.13105,0.00958044,0.00958044,0.00958044
134,1228.23,0.82833,0.66104,1.17486,0.81419,0.92687,0.97079,0.76416,0.71471,0.5504,1.13021,0.00957416,0.00957416,0.00957416
135,1237.25,0.79585,0.65439,1.17801,0.89602,0.89144,0.96987,0.7656,0.71193,0.5743,1.12579,0.00956782,0.00956782,0.00956782
136,1246.59,0.79224,0.63267,1.18091,0.8811,0.91877,0.96819,0.75206,0.72199,0.5578,1.12988,0.00956145,0.00956145,0.00956145
137,1255.68,0.79668,0.63963,1.1812,0.88214,0.9041,0.96453,0.77508,0.70368,0.54686,1.10648,0.00955502,0.00955502,0.00955502
138,1264.66,0.77401,0.63157,1.18844,0.83462,0.90926,0.94552,0.74247,0.7161,0.53031,1.13162,0.00954856,0.00954856,0.00954856
139,1273.46,0.80278,0.63279,1.17218,0.87776,0.89207,0.9351,0.73003,0.73567,0.57788,1.145,0.00954205,0.00954205,0.00954205
140,1282.32,0.80362,0.62969,1.18115,0.83882,0.89477,0.94556,0.74688,0.69188,0.53393,1.10465,0.00953549,0.00953549,0.00953549
141,1291.08,0.77775,0.64258,1.18442,0.83571,0.8799,0.92589,0.72649,0.69998,0.55841,1.10393,0.00952889,0.00952889,0.00952889
142,1299.97,0.79243,0.64439,1.20404,0.84482,0.9277,0.9521,0.74001,0.70332,0.567,1.10639,0.00952225,0.00952225,0.00952225
143,1308.71,0.78852,0.59858,1.16801,0.88855,0.8923,0.93442,0.73305,0.71129,0.54503,1.11204,0.00951556,0.00951556,0.00951556
144,1317.72,0.78124,0.63359,1.19623,0.89721,0.9086,0.94982,0.75455,0.69777,0.52209,1.10038,0.00950883,0.00950883,0.00950883
145,1326.75,0.77679,0.61865,1.18892,0.87036,0.89338,0.95147,0.74807,0.70309,0.54004,1.11264,0.00950206,0.00950206,0.00950206
146,1335.47,0.77164,0.63083,1.21254,0.8312,0.93207,0.95675,0.75181,0.71349,0.54195,1.12302,0.00949524,0.00949524,0.00949524
147,1344.06,0.76998,0.60774,1.18504,0.89353,0.90574,0.95849,0.75214,0.70628,0.53225,1.12444,0.00948837,0.00948837,0.00948837
148,1353.12,0.77375,0.6136,1.1819,0.88697,0.89553,0.95825,0.76456,0.70184,0.56356,1.11852,0.00948147,0.00948147,0.00948147
149,1362.05,0.78101,0.6105,1.16328,0.9064,0.87401,0.95208,0.75112,0.70694,0.52739,1.1172,0.00947452,0.00947452,0.00947452
150,1371.26,0.76964,0.61433,1.15613,0.86184,0.9091,0.95384,0.749,0.70455,0.51444,1.1184,0.00946752,0.00946752,0.00946752
151,1380.4,0.79266,0.62331,1.16859,0.89211,0.89598,0.95496,0.76527,0.69995,0.52421,1.12056,0.00946048,0.00946048,0.00946048
152,1389.5,0.75134,0.61171,1.1911,0.91617,0.88298,0.95275,0.7557,0.6963,0.52449,1.10967,0.0094534,0.0094534,0.0094534
153,1398.17,0.76835,0.61134,1.17742,0.86384,0.91769,0.95334,0.74314,0.7181,0.54367,1.11465,0.00944628,0.00944628,0.00944628
154,1407.3,0.72437,0.59475,1.16687,0.84942,0.93298,0.96606,0.76231,0.69391,0.51375,1.11143,0.00943911,0.00943911,0.00943911
155,1416.14,0.79009,0.61869,1.16924,0.89294,0.91686,0.96413,0.75872,0.69352,0.53459,1.1057,0.00943189,0.00943189,0.00943189
156,1424.84,0.75283,0.59595,1.16971,0.90186,0.92014,0.97704,0.77236,0.69351,0.52973,1.10753,0.00942464,0.00942464,0.00942464
157,1433.55,0.74011,0.59,1.13243,0.81145,0.95924,0.96433,0.77201,0.68391,0.51087,1.09385,0.00941734,0.00941734,0.00941734
158,1442.43,0.76968,0.60077,1.15541,0.88513,0.9287,0.97013,0.7822,0.69322,0.50247,1.09914,0.00941,0.00941,0.00941
159,1451.18,0.74644,0.60015,1.16864,0.85942,0.94211,0.95893,0.76218,0.67879,0.51995,1.08813,0.00940262,0.00940262,0.00940262
160,1460.5,0.74271,0.58118,1.15166,0.83197,0.9455,0.97886,0.78676,0.68057,0.49724,1.09526,0.00939519,0.00939519,0.00939519
161,1469.31,0.72705,0.57531,1.1694,0.84745,0.93332,0.96159,0.77641,0.68496,0.50623,1.10245,0.00938772,0.00938772,0.00938772
162,1478.41,0.77206,0.5898,1.15736,0.86867,0.9077,0.97932,0.78263,0.67939,0.50658,1.09468,0.0093802,0.0093802,0.0093802
163,1487.23,0.74456,0.57829,1.1626,0.87836,0.8793,0.96483,0.76876,0.6904,0.51592,1.09983,0.00937265,0.00937265,0.00937265
164,1496.57,0.77873,0.59005,1.14668,0.84513,0.94044,0.95659,0.75767,0.6989,0.49405,1.10765,0.00936505,0.00936505,0.00936505
165,1506.1,0.73999,0.56962,1.14608,0.86057,0.93491,0.973,0.78166,0.67968,0.53221,1.09959,0.00935741,0.00935741,0.00935741
166,1515.45,0.73975,0.56258,1.13124,0.86642,0.94379,0.97358,0.77739,0.68293,0.51876,1.10823,0.00934973,0.00934973,0.00934973
167,1524.52,0.73455,0.58726,1.15897,0.86664,0.93421,0.97529,0.78321,0.69108,0.51333,1.10292,0.009342,0.009342,0.009342
168,1533.34,0.76029,0.60386,1.15706,0.82932,0.9696,0.97951,0.78144,0.6811,0.50632,1.09611,0.00933423,0.00933423,0.00933423
169,1542.19,0.78556,0.59198,1.18004,0.88157,0.91699,0.97095,0.78399,0.70102,0.50008,1.10912,0.00932642,0.00932642,0.00932642
170,1551.38,0.80421,0.63496,1.17746,0.87371,0.88366,0.92927,0.74375,0.70111,0.52702,1.11699,0.00931857,0.00931857,0.00931857
171,1560.28,0.74265,0.58216,1.15208,0.8266,0.95316,0.94348,0.76099,0.67964,0.49495,1.08914,0.00931067,0.00931067,0.00931067
172,1569.13,0.73842,0.56463,1.15005,0.85662,0.9328,0.9681,0.77862,0.68224,0.50689,1.09293,0.00930274,0.00930274,0.00930274
173,1578.24,0.76689,0.59162,1.14722,0.83207,0.94879,0.97433,0.78554,0.67396,0.48908,1.08341,0.00929476,0.00929476,0.00929476
174,1586.99,0.72119,0.58135,1.16249,0.81057,0.94471,0.96154,0.77597,0.69168,0.51521,1.11343,0.00928674,0.00928674,0.00928674
175,1595.72,0.73887,0.57107,1.14309,0.85666,0.95324,0.9721,0.77827,0.67259,0.50954,1.09218,0.00927867,0.00927867,0.00927867
176,1604.71,0.75997,0.58209,1.17104,0.90664,0.9163,0.97253,0.7758,0.67583,0.48594,1.09349,0.00927057,0.00927057,0.00927057
177,1613.38,0.71914,0.56316,1.14311,0.86249,0.94078,0.97587,0.77766,0.67711,0.47902,1.09372,0.00926242,0.00926242,0.00926242
178,1622.25,0.74575,0.58084,1.16438,0.89912,0.91551,0.9696,0.77526,0.67953,0.49221,1.09683,0.00925423,0.00925423,0.00925423
179,1630.92,0.7605,0.63342,1.16474,0.89063,0.92594,0.97654,0.78123,0.68285,0.48549,1.10004,0.00924601,0.00924601,0.00924601
180,1639.69,0.71823,0.55531,1.14185,0.86112,0.93985,0.97854,0.78636,0.67279,0.48164,1.08304,0.00923774,0.00923774,0.00923774
181,1648.8,0.75028,0.55799,1.13243,0.90633,0.91082,0.97609,0.79053,0.67371,0.48134,1.0921,0.00922942,0.00922942,0.00922942
182,1657.6,0.72238,0.55536,1.12987,0.91034,0.93762,0.97058,0.7789,0.67501,0.50135,1.09051,0.00922107,0.00922107,0.00922107
183,1666.24,0.74144,0.56171,1.15069,0.85805,0.95852,0.97673,0.78899,0.67369,0.49555,1.09091,0.00921268,0.00921268,0.00921268
184,1675.31,0.73613,0.56382,1.15028,0.87901,0.96476,0.97939,0.79208,0.66289,0.4839,1.07182,0.00920424,0.00920424,0.00920424
185,1684.33,0.72967,0.55551,1.13919,0.90692,0.90295,0.96186,0.76816,0.67659,0.49484,1.0857,0.00919576,0.00919576,0.00919576
186,1693.21,0.75976,0.61754,1.17506,0.90983,0.92068,0.97109,0.78769,0.67438,0.49421,1.09532,0.00918725,0.00918725,0.00918725
187,1701.94,0.73796,0.55927,1.13093,0.89353,0.94184,0.97493,0.78198,0.67569,0.46522,1.09233,0.00917869,0.00917869,0.00917869
188,1710.77,0.74166,0.55386,1.12843,0.85803,0.94184,0.96577,0.78078,0.67632,0.49336,1.09046,0.00917009,0.00917009,0.00917009
189,1719.62,0.70592,0.54643,1.10984,0.8687,0.92897,0.96878,0.78045,0.68403,0.50257,1.09191,0.00916145,0.00916145,0.00916145
190,1728.71,0.71472,0.55549,1.13452,0.88539,0.91534,0.97217,0.78991,0.65862,0.47268,1.08485,0.00915277,0.00915277,0.00915277
191,1737.72,0.696,0.5231,1.10743,0.81306,0.98636,0.97885,0.79465,0.67233,0.46908,1.09309,0.00914405,0.00914405,0.00914405
192,1746.46,0.71875,0.5474,1.14344,0.91842,0.92571,0.97938,0.78253,0.67401,0.49098,1.09403,0.00913529,0.00913529,0.00913529
193,1755.55,0.73235,0.54795,1.14699,0.90392,0.92497,0.97445,0.77622,0.67438,0.50057,1.08418,0.00912649,0.00912649,0.00912649
194,1764.82,0.70938,0.54235,1.11912,0.88609,0.94331,0.95663,0.76538,0.67634,0.47228,1.08201,0.00911764,0.00911764,0.00911764
195,1773.81,0.73251,0.53326,1.12456,0.87768,0.94219,0.97639,0.79011,0.66152,0.48642,1.07657,0.00910876,0.00910876,0.00910876
196,1782.45,0.68099,0.54156,1.11539,0.90993,0.91728,0.95751,0.7753,0.67608,0.49355,1.09745,0.00909984,0.00909984,0.00909984
197,1791.44,0.73568,0.56454,1.13518,0.82908,0.97815,0.97775,0.78637,0.66975,0.47809,1.09051,0.00909088,0.00909088,0.00909088
198,1800.51,0.73369,0.55714,1.13594,0.88123,0.94267,0.97804,0.79128,0.66736,0.46608,1.07409,0.00908188,0.00908188,0.00908188
199,1809.39,0.74054,0.54368,1.12684,0.86837,0.96714,0.9766,0.78738,0.6745,0.46907,1.09189,0.00907284,0.00907284,0.00907284
200,1818.2,0.73745,0.53753,1.11906,0.83366,0.96001,0.97986,0.78202,0.67477,0.46874,1.08805,0.00906375,0.00906375,0.00906375
201,1826.93,0.73818,0.53998,1.1267,0.89423,0.95333,0.97717,0.79116,0.66879,0.47009,1.08745,0.00905463,0.00905463,0.00905463
202,1835.95,0.73179,0.54047,1.11943,0.87497,0.95915,0.97824,0.79088,0.66532,0.47489,1.08182,0.00904547,0.00904547,0.00904547
203,1844.53,0.71156,0.54641,1.10644,0.90168,0.94668,0.98117,0.78607,0.67809,0.46715,1.10848,0.00903627,0.00903627,0.00903627
204,1853.36,0.72164,0.55284,1.14735,0.89684,0.92357,0.97969,0.79004,0.6676,0.4707,1.08581,0.00902703,0.00902703,0.00902703
205,1862.16,0.69341,0.54028,1.13286,0.86397,0.95867,0.97551,0.78933,0.67398,0.47954,1.08698,0.00901776,0.00901776,0.00901776
206,1871.25,0.73003,0.54087,1.13648,0.90441,0.92509,0.97771,0.78071,0.67494,0.47614,1.08872,0.00900844,0.00900844,0.00900844
207,1880.17,0.73472,0.55438,1.13647,0.90754,0.93156,0.97939,0.78965,0.66944,0.45742,1.09209,0.00899908,0.00899908,0.00899908
208,1889.18,0.72605,0.54341,1.12226,0.86462,0.96084,0.98002,0.79556,0.671,0.47288,1.09445,0.00898969,0.00898969,0.00898969
209,1898.11,0.70306,0.54489,1.13004,0.88888,0.97417,0.98054,0.79623,0.65571,0.46749,1.07824,0.00898025,0.00898025,0.00898025
210,1906.78,0.74269,0.53216,1.11472,0.89281,0.93397,0.97748,0.79124,0.68688,0.45882,1.09448,0.00897078,0.00897078,0.00897078
211,1915.57,0.68433,0.51753,1.10696,0.8969,0.93924,0.98062,0.79329,0.67632,0.45993,1.08143,0.00896127,0.00896127,0.00896127
212,1924.23,0.69076,0.53701,1.12467,0.85376,0.96305,0.977,0.78412,0.6824,0.48819,1.08454,0.00895172,0.00895172,0.00895172
213,1933.05,0.69967,0.52615,1.08805,0.9087,0.92803,0.97922,0.8024,0.66711,0.46831,1.08298,0.00894213,0.00894213,0.00894213
214,1941.91,0.72217,0.55793,1.14207,0.90695,0.93006,0.97788,0.79486,0.6706,0.47593,1.07333,0.0089325,0.0089325,0.0089325
215,1950.65,0.74545,0.53628,1.12287,0.89615,0.9439,0.97987,0.78605,0.67044,0.47284,1.10379,0.00892283,0.00892283,0.00892283
216,1959.77,0.69647,0.52311,1.09892,0.89008,0.9439,0.9797,0.78298,0.67065,0.46661,1.08709,0.00891313,0.00891313,0.00891313
217,1968.87,0.72603,0.53816,1.12537,0.91892,0.93103,0.98185,0.79589,0.67034,0.45247,1.08792,0.00890339,0.00890339,0.00890339
218,1977.61,0.72726,0.52952,1.1463,0.90737,0.93416,0.98041,0.79764,0.65594,0.45975,1.07083,0.00889361,0.00889361,0.00889361
219,1986.38,0.6883,0.51009,1.09555,0.90816,0.92387,0.97792,0.79608,0.65548,0.47093,1.07645,0.00888379,0.00888379,0.00888379
220,1995.1,0.70129,0.53591,1.11769,0.92014,0.95455,0.98312,0.81731,0.65661,0.45684,1.06446,0.00887393,0.00887393,0.00887393
221,2003.83,0.68504,0.5431,1.13211,0.86732,0.97808,0.9831,0.80972,0.64458,0.4597,1.06343,0.00886404,0.00886404,0.00886404
222,2012.59,0.7063,0.53663,1.11292,0.88052,0.9674,0.98337,0.79085,0.64586,0.47305,1.06417,0.00885411,0.00885411,0.00885411
223,2021.08,0.68527,0.51143,1.11459,0.87879,0.95792,0.98276,0.80293,0.64589,0.45083,1.06697,0.00884414,0.00884414,0.00884414
224,2029.99,0.70513,0.5261,1.11538,0.89058,0.91881,0.97711,0.80393,0.65111,0.47557,1.06908,0.00883413,0.00883413,0.00883413
225,2039.21,0.71424,0.5233,1.10354,0.86886,0.92133,0.97944,0.79421,0.65858,0.48034,1.06973,0.00882409,0.00882409,0.00882409
226,2048,0.72724,0.52654,1.12478,0.88286,0.96915,0.97813,0.799,0.66436,0.46196,1.07864,0.00881401,0.00881401,0.00881401
227,2057.04,0.69528,0.49895,1.11559,0.92795,0.90388,0.97984,0.78874,0.65265,0.45879,1.07089,0.00880389,0.00880389,0.00880389
228,2066.37,0.69347,0.52488,1.11493,0.89318,0.93384,0.9792,0.7858,0.65801,0.46069,1.07009,0.00879374,0.00879374,0.00879374
229,2075.04,0.67426,0.50832,1.08734,0.90437,0.93747,0.98023,0.78674,0.65304,0.46962,1.06283,0.00878354,0.00878354,0.00878354
230,2084.08,0.6882,0.51141,1.12895,0.90448,0.9308,0.98157,0.80396,0.64725,0.45478,1.05597,0.00877332,0.00877332,0.00877332
231,2092.7,0.70264,0.5167,1.09604,0.90382,0.9179,0.96645,0.7936,0.65178,0.45269,1.07156,0.00876305,0.00876305,0.00876305
232,2101.52,0.69166,0.51632,1.10362,0.92393,0.89637,0.97952,0.8078,0.64697,0.46357,1.06352,0.00875275,0.00875275,0.00875275
233,2110.7,0.70381,0.51194,1.10444,0.83935,0.97963,0.98044,0.80498,0.65398,0.46357,1.07522,0.00874241,0.00874241,0.00874241
234,2119.37,0.71943,0.52553,1.10714,0.90391,0.92331,0.98003,0.80726,0.65549,0.45575,1.08429,0.00873203,0.00873203,0.00873203
235,2128.13,0.7051,0.53236,1.12548,0.91327,0.93287,0.97611,0.78723,0.65588,0.44856,1.07697,0.00872162,0.00872162,0.00872162
236,2136.97,0.6708,0.50614,1.10706,0.87018,0.96047,0.97809,0.80381,0.64485,0.46557,1.07176,0.00871117,0.00871117,0.00871117
237,2145.38,0.67571,0.50752,1.11747,0.91208,0.92007,0.97673,0.80267,0.63402,0.45659,1.06856,0.00870069,0.00870069,0.00870069
238,2154.21,0.68798,0.51323,1.09132,0.91125,0.91736,0.98215,0.79554,0.63938,0.45972,1.06116,0.00869017,0.00869017,0.00869017
239,2163.39,0.71155,0.52323,1.11364,0.85229,0.97864,0.983,0.80131,0.65554,0.45115,1.0693,0.00867961,0.00867961,0.00867961
240,2172.15,0.70554,0.49781,1.10903,0.88596,0.96992,0.97956,0.80308,0.64543,0.44365,1.07041,0.00866902,0.00866902,0.00866902
241,2181.22,0.68355,0.49355,1.09609,0.89793,0.96966,0.98028,0.80233,0.64858,0.46744,1.07191,0.00865839,0.00865839,0.00865839
242,2190.18,0.71254,0.50837,1.12708,0.87659,0.95473,0.98258,0.81444,0.63972,0.44199,1.05612,0.00864773,0.00864773,0.00864773
243,2199.14,0.69177,0.52574,1.11247,0.89568,0.96413,0.98205,0.81383,0.63977,0.44713,1.05882,0.00863703,0.00863703,0.00863703
244,2208.08,0.6723,0.49626,1.12756,0.91299,0.9647,0.9823,0.81224,0.63977,0.43946,1.0531,0.0086263,0.0086263,0.0086263
245,2217,0.65686,0.4864,1.09515,0.90144,0.93334,0.98173,0.79602,0.65561,0.46493,1.07019,0.00861553,0.00861553,0.00861553
246,2225.69,0.69424,0.49779,1.11904,0.85752,0.96552,0.98036,0.8046,0.64266,0.44884,1.06229,0.00860473,0.00860473,0.00860473
247,2234.81,0.69859,0.50703,1.10193,0.89584,0.96852,0.98231,0.80998,0.6334,0.43931,1.04181,0.00859389,0.00859389,0.00859389
248,2243.88,0.66631,0.48766,1.07952,0.90248,0.94349,0.98067,0.80406,0.64278,0.43973,1.06117,0.00858301,0.00858301,0.00858301
249,2252.68,0.64202,0.49374,1.08181,0.88602,0.9629,0.98019,0.80449,0.64501,0.44023,1.06103,0.0085721,0.0085721,0.0085721
250,2261.4,0.66387,0.48013,1.09902,0.9024,0.95738,0.98115,0.80422,0.64834,0.45145,1.06337,0.00856116,0.00856116,0.00856116
251,2270.14,0.67916,0.49172,1.12403,0.89522,0.95961,0.98255,0.80378,0.65431,0.46376,1.07562,0.00855018,0.00855018,0.00855018
252,2279.18,0.6627,0.48576,1.10728,0.91551,0.94419,0.98268,0.81602,0.62849,0.43873,1.05239,0.00853917,0.00853917,0.00853917
253,2287.97,0.69009,0.49177,1.08475,0.88147,0.97199,0.98261,0.81185,0.62741,0.44733,1.04837,0.00852812,0.00852812,0.00852812
254,2296.94,0.68546,0.50882,1.10619,0.91068,0.95602,0.98105,0.79866,0.64001,0.44792,1.05341,0.00851704,0.00851704,0.00851704
255,2305.58,0.64147,0.48723,1.07984,0.86966,0.96843,0.98135,0.8078,0.63049,0.44576,1.0597,0.00850592,0.00850592,0.00850592
256,2314.51,0.68006,0.50566,1.08433,0.88517,0.95895,0.98258,0.81305,0.63148,0.44142,1.0549,0.00849477,0.00849477,0.00849477
257,2323.5,0.66001,0.49076,1.07848,0.91072,0.94695,0.98338,0.8131,0.63995,0.44733,1.0589,0.00848358,0.00848358,0.00848358
258,2332.48,0.67593,0.48068,1.07455,0.85661,0.98057,0.98176,0.81475,0.6264,0.44435,1.04692,0.00847237,0.00847237,0.00847237
259,2341.52,0.67175,0.50928,1.0948,0.90381,0.96072,0.98146,0.81157,0.63622,0.44322,1.06038,0.00846111,0.00846111,0.00846111
260,2350.52,0.65649,0.47909,1.09255,0.90765,0.96241,0.98168,0.81128,0.64055,0.44656,1.06491,0.00844983,0.00844983,0.00844983
261,2359.46,0.66591,0.48014,1.07777,0.88137,0.97684,0.98033,0.80992,0.63286,0.43324,1.05767,0.00843851,0.00843851,0.00843851
262,2368.19,0.63339,0.47566,1.07178,0.89449,0.97645,0.98202,0.80627,0.63492,0.43453,1.05278,0.00842716,0.00842716,0.00842716
263,2377.43,0.69983,0.49631,1.09027,0.89103,0.97462,0.98215,0.81562,0.6403,0.43663,1.05774,0.00841577,0.00841577,0.00841577
264,2386.36,0.67438,0.48648,1.09728,0.87455,0.97665,0.98057,0.80728,0.63326,0.44697,1.05509,0.00840435,0.00840435,0.00840435
265,2395.34,0.6941,0.51537,1.08564,0.87166,0.95701,0.98057,0.80483,0.64388,0.44293,1.07061,0.0083929,0.0083929,0.0083929
266,2404.02,0.67116,0.47512,1.1108,0.91138,0.92315,0.98182,0.79758,0.63725,0.45116,1.05666,0.00838141,0.00838141,0.00838141
267,2412.78,0.66487,0.49044,1.09473,0.86984,0.9414,0.98057,0.81868,0.63613,0.45306,1.05174,0.00836989,0.00836989,0.00836989
268,2421.51,0.67642,0.50037,1.09444,0.89816,0.96509,0.98277,0.8132,0.64083,0.43626,1.05852,0.00835834,0.00835834,0.00835834
269,2430.66,0.6668,0.47303,1.08702,0.89889,0.95184,0.98164,0.80469,0.64513,0.43117,1.06419,0.00834676,0.00834676,0.00834676
270,2439.67,0.65094,0.47513,1.08357,0.88572,0.95304,0.98184,0.80612,0.63355,0.42835,1.05709,0.00833514,0.00833514,0.00833514
271,2448.63,0.68557,0.49328,1.10349,0.91905,0.94385,0.98212,0.8131,0.63566,0.42581,1.06634,0.00832349,0.00832349,0.00832349
272,2457.83,0.67727,0.50282,1.07074,0.90644,0.96718,0.98035,0.8109,0.62797,0.42791,1.05248,0.00831181,0.00831181,0.00831181
273,2466.78,0.64825,0.48989,1.0742,0.90464,0.93496,0.9799,0.80117,0.64372,0.43596,1.07501,0.0083001,0.0083001,0.0083001
274,2475.74,0.67342,0.48088,1.08248,0.89991,0.95277,0.98107,0.8086,0.63441,0.44073,1.06751,0.00828835,0.00828835,0.00828835
275,2484.77,0.68284,0.48636,1.07863,0.89644,0.97861,0.98346,0.81214,0.63977,0.43512,1.06818,0.00827658,0.00827658,0.00827658
276,2493.96,0.67825,0.48039,1.0575,0.90859,0.94305,0.98141,0.80965,0.64129,0.44564,1.05976,0.00826477,0.00826477,0.00826477
277,2502.78,0.66665,0.48298,1.09004,0.91503,0.96401,0.98054,0.80654,0.64019,0.42797,1.06494,0.00825293,0.00825293,0.00825293
278,2511.54,0.61375,0.46077,1.07274,0.89644,0.97464,0.98135,0.81141,0.63326,0.43045,1.05544,0.00824105,0.00824105,0.00824105
279,2520.12,0.66516,0.47619,1.07172,0.91566,0.91953,0.9708,0.79441,0.64701,0.43538,1.06497,0.00822915,0.00822915,0.00822915
280,2529.1,0.65284,0.48009,1.09343,0.90836,0.94101,0.98036,0.7997,0.6493,0.44228,1.07371,0.00821722,0.00821722,0.00821722
281,2538.15,0.66113,0.46931,1.07871,0.90234,0.95819,0.98095,0.8129,0.63818,0.43608,1.06044,0.00820525,0.00820525,0.00820525
282,2547.35,0.65272,0.45618,1.05842,0.90506,0.96025,0.98174,0.81018,0.63502,0.4316,1.04917,0.00819325,0.00819325,0.00819325
283,2556,0.62677,0.45896,1.06395,0.89114,0.96492,0.9817,0.81949,0.63023,0.42388,1.04883,0.00818122,0.00818122,0.00818122
284,2564.57,0.61707,0.4662,1.07071,0.92091,0.94474,0.98259,0.82229,0.62703,0.42692,1.05009,0.00816916,0.00816916,0.00816916
285,2573.62,0.64205,0.47463,1.07094,0.91492,0.94798,0.98236,0.81176,0.63467,0.43123,1.06163,0.00815707,0.00815707,0.00815707
286,2582.76,0.66783,0.4676,1.06411,0.88634,0.94901,0.98336,0.80877,0.63795,0.43101,1.06215,0.00814495,0.00814495,0.00814495
287,2591.4,0.68094,0.48691,1.09259,0.89265,0.95514,0.98227,0.80843,0.63976,0.43339,1.06216,0.0081328,0.0081328,0.0081328
288,2599.99,0.65444,0.47711,1.08455,0.90291,0.97949,0.98279,0.8094,0.62304,0.42404,1.04713,0.00812062,0.00812062,0.00812062
289,2608.68,0.61571,0.47032,1.06586,0.9028,0.94381,0.98196,0.80165,0.62836,0.42982,1.05009,0.00810841,0.00810841,0.00810841
290,2617.51,0.66223,0.48543,1.08783,0.87935,0.97805,0.98136,0.80102,0.62802,0.42761,1.04716,0.00809616,0.00809616,0.00809616
291,2626.45,0.64879,0.47195,1.06684,0.90801,0.95392,0.98004,0.80396,0.63401,0.43555,1.0577,0.00808389,0.00808389,0.00808389
292,2635.09,0.67688,0.48042,1.07764,0.91369,0.9555,0.98183,0.7961,0.6349,0.42806,1.06921,0.00807159,0.00807159,0.00807159
293,2643.86,0.62847,0.46613,1.06785,0.88819,0.97844,0.98216,0.80523,0.62253,0.42795,1.05575,0.00805925,0.00805925,0.00805925
294,2653,0.65417,0.47792,1.05219,0.92264,0.96872,0.98325,0.80137,0.61856,0.43127,1.04196,0.00804689,0.00804689,0.00804689
295,2661.72,0.63496,0.4533,1.0499,0.92205,0.96443,0.98286,0.80398,0.62333,0.43052,1.0497,0.0080345,0.0080345,0.0080345
296,2670.67,0.66596,0.46671,1.06459,0.922,0.9626,0.98311,0.81192,0.62058,0.42354,1.03831,0.00802208,0.00802208,0.00802208
297,2679.75,0.64423,0.46632,1.07991,0.92586,0.95546,0.97974,0.80903,0.61894,0.43087,1.04408,0.00800963,0.00800963,0.00800963
298,2688.44,0.63844,0.46766,1.0769,0.91184,0.96448,0.98127,0.81767,0.61549,0.43236,1.04722,0.00799715,0.00799715,0.00799715
299,2697.29,0.6571,0.46892,1.06254,0.89861,0.96178,0.9824,0.80232,0.62366,0.42931,1.04985,0.00798464,0.00798464,0.00798464
300,2705.87,0.61945,0.45262,1.08105,0.90118,0.95992,0.98154,0.81053,0.62616,0.43153,1.04515,0.0079721,0.0079721,0.0079721
301,2714.53,0.64119,0.44672,1.06607,0.91903,0.95576,0.98265,0.802,0.63966,0.43803,1.04758,0.00795954,0.00795954,0.00795954
302,2723.42,0.66246,0.45646,1.06123,0.89344,0.98179,0.98309,0.80364,0.63419,0.41891,1.04977,0.00794694,0.00794694,0.00794694
303,2732.14,0.64511,0.47007,1.07002,0.91771,0.95236,0.98159,0.81136,0.62124,0.41494,1.04468,0.00793432,0.00793432,0.00793432
304,2740.71,0.65776,0.47379,1.08712,0.91165,0.96714,0.98147,0.81187,0.6178,0.422,1.03754,0.00792167,0.00792167,0.00792167
305,2749.29,0.63784,0.45135,1.08183,0.92952,0.9653,0.98219,0.81905,0.61812,0.41484,1.04825,0.00790898,0.00790898,0.00790898
306,2758.27,0.67359,0.48151,1.07977,0.92909,0.96509,0.98194,0.80913,0.62272,0.4152,1.05519,0.00789628,0.00789628,0.00789628
307,2766.96,0.62975,0.45004,1.06566,0.92244,0.96971,0.98337,0.81994,0.61594,0.41806,1.04443,0.00788354,0.00788354,0.00788354
308,2775.79,0.65808,0.46285,1.05205,0.91626,0.96416,0.98317,0.82176,0.62203,0.41905,1.04408,0.00787077,0.00787077,0.00787077
309,2784.6,0.6317,0.46537,1.06658,0.90667,0.95719,0.9826,0.81263,0.62635,0.43102,1.04986,0.00785798,0.00785798,0.00785798
310,2793.3,0.60921,0.46043,1.05154,0.90606,0.96396,0.98177,0.80847,0.62909,0.41957,1.05385,0.00784516,0.00784516,0.00784516
311,2802.02,0.65263,0.47737,1.07442,0.88188,0.96986,0.98259,0.80811,0.62276,0.42706,1.05069,0.00783231,0.00783231,0.00783231
312,2810.76,0.64157,0.46239,1.06111,0.90709,0.97229,0.98337,0.81388,0.61912,0.42157,1.04828,0.00781944,0.00781944,0.00781944
313,2819.35,0.60029,0.45336,1.0549,0.91747,0.96254,0.9826,0.80654,0.62778,0.4302,1.05593,0.00780653,0.00780653,0.00780653
314,2828.05,0.65609,0.47634,1.0669,0.91667,0.96472,0.98468,0.80827,0.62883,0.42231,1.05221,0.0077936,0.0077936,0.0077936
315,2836.75,0.61325,0.43604,1.05778,0.92054,0.96673,0.98338,0.80856,0.6271,0.4191,1.05308,0.00778065,0.00778065,0.00778065
316,2845.57,0.64291,0.44506,1.03944,0.93152,0.96032,0.98337,0.81989,0.62089,0.41668,1.04947,0.00776766,0.00776766,0.00776766
317,2854.54,0.62951,0.447,1.04396,0.91709,0.97193,0.98308,0.8199,0.61481,0.41899,1.04383,0.00775465,0.00775465,0.00775465
318,2863.19,0.63644,0.4674,1.07082,0.90081,0.97601,0.98191,0.8154,0.6209,0.42835,1.05377,0.00774161,0.00774161,0.00774161
319,2871.99,0.61908,0.45966,1.07352,0.91351,0.96948,0.98275,0.81711,0.62036,0.41829,1.04234,0.00772855,0.00772855,0.00772855
320,2880.69,0.63027,0.44988,1.07134,0.9075,0.95591,0.98348,0.81474,0.63204,0.41742,1.05766,0.00771546,0.00771546,0.00771546
321,2889.35,0.6388,0.4492,1.08371,0.91241,0.9636,0.98304,0.81418,0.62154,0.41916,1.04876,0.00770234,0.00770234,0.00770234
322,2898.09,0.61694,0.44789,1.05432,0.9051,0.95607,0.98128,0.82001,0.61867,0.40792,1.04088,0.0076892,0.0076892,0.0076892
323,2906.83,0.62157,0.44781,1.06332,0.91749,0.9698,0.98459,0.8147,0.61965,0.41463,1.0466,0.00767603,0.00767603,0.00767603
324,2915.42,0.6076,0.44269,1.05119,0.90906,0.96904,0.98275,0.81676,0.62466,0.41825,1.057,0.00766284,0.00766284,0.00766284
325,2924.14,0.63332,0.46205,1.05165,0.90292,0.96599,0.98271,0.81932,0.6205,0.42647,1.04813,0.00764961,0.00764961,0.00764961
326,2932.79,0.59986,0.43707,1.05606,0.89629,0.97799,0.98299,0.81605,0.61585,0.41768,1.05047,0.00763637,0.00763637,0.00763637
327,2941.54,0.65277,0.4523,1.05317,0.90828,0.97257,0.98319,0.81879,0.61315,0.40664,1.0401,0.0076231,0.0076231,0.0076231
328,2950.31,0.59221,0.4344,1.06061,0.92772,0.96623,0.98375,0.82292,0.61722,0.40558,1.04538,0.0076098,0.0076098,0.0076098
329,2958.95,0.58664,0.43369,1.04513,0.92,0.97584,0.98355,0.82298,0.62009,0.40557,1.05758,0.00759648,0.00759648,0.00759648
330,2967.71,0.60819,0.43574,1.05957,0.91448,0.96012,0.98105,0.81948,0.61754,0.42166,1.055,0.00758313,0.00758313,0.00758313
331,2976.78,0.63352,0.4493,1.05611,0.89207,0.96524,0.9813,0.81719,0.62508,0.42187,1.06033,0.00756976,0.00756976,0.00756976
332,2985.54,0.64363,0.44901,1.06349,0.92331,0.9635,0.98154,0.80761,0.62303,0.41017,1.05974,0.00755636,0.00755636,0.00755636
333,2994.65,0.64264,0.44673,1.05594,0.92202,0.96437,0.98244,0.81621,0.60815,0.41468,1.04268,0.00754293,0.00754293,0.00754293
334,3003.35,0.62911,0.44582,1.06268,0.91878,0.96161,0.98386,0.82148,0.60521,0.40639,1.04323,0.00752949,0.00752949,0.00752949
335,3012.04,0.6069,0.43226,1.07447,0.90661,0.96355,0.98356,0.81019,0.61751,0.40606,1.06155,0.00751602,0.00751602,0.00751602
336,3020.82,0.64645,0.44597,1.07337,0.91388,0.96841,0.98286,0.80644,0.61548,0.40595,1.05525,0.00750252,0.00750252,0.00750252
337,3029.46,0.60214,0.45136,1.0586,0.91294,0.97221,0.98357,0.82082,0.60545,0.40182,1.042,0.007489,0.007489,0.007489
338,3038.06,0.60515,0.43506,1.05295,0.91072,0.97635,0.9832,0.81333,0.60691,0.40003,1.03352,0.00747546,0.00747546,0.00747546
339,3046.84,0.64656,0.45079,1.04561,0.91089,0.96387,0.98254,0.8071,0.61602,0.40095,1.03587,0.00746189,0.00746189,0.00746189
340,3055.55,0.61469,0.43395,1.07902,0.91575,0.96516,0.98163,0.80585,0.61976,0.40108,1.04182,0.0074483,0.0074483,0.0074483
341,3064.34,0.60634,0.44414,1.0611,0.92312,0.95495,0.98289,0.81268,0.61553,0.40143,1.04139,0.00743468,0.00743468,0.00743468
342,3073.17,0.64079,0.44024,1.04568,0.91721,0.96205,0.98231,0.81938,0.60962,0.41308,1.04365,0.00742104,0.00742104,0.00742104
343,3082.13,0.63329,0.45044,1.06051,0.91769,0.96607,0.98356,0.83063,0.60061,0.40683,1.02654,0.00740738,0.00740738,0.00740738
344,3090.91,0.62688,0.46207,1.06395,0.9151,0.97033,0.98261,0.82212,0.6112,0.40773,1.04393,0.00739369,0.00739369,0.00739369
345,3100.14,0.6087,0.44028,1.05373,0.92237,0.96898,0.98238,0.80708,0.61604,0.40036,1.04855,0.00737998,0.00737998,0.00737998
346,3108.79,0.5974,0.42628,1.06028,0.9183,0.9712,0.98232,0.81306,0.61115,0.3991,1.04661,0.00736625,0.00736625,0.00736625
347,3117.9,0.61194,0.43198,1.03614,0.91603,0.96841,0.98269,0.80744,0.61058,0.40842,1.04571,0.0073525,0.0073525,0.0073525
348,3126.99,0.61193,0.42213,1.04723,0.91498,0.97004,0.98231,0.82115,0.60893,0.40938,1.03788,0.00733872,0.00733872,0.00733872
349,3135.66,0.63484,0.43439,1.06391,0.89845,0.97896,0.98383,0.81559,0.6142,0.40833,1.05019,0.00732492,0.00732492,0.00732492
350,3144.17,0.62908,0.43839,1.05834,0.91238,0.9675,0.98242,0.81909,0.61607,0.40318,1.05374,0.0073111,0.0073111,0.0073111
351,3152.9,0.63361,0.44511,1.06105,0.92917,0.96265,0.98258,0.82301,0.60864,0.4004,1.03907,0.00729725,0.00729725,0.00729725
352,3161.65,0.63311,0.45321,1.07876,0.93103,0.96227,0.98256,0.82335,0.61328,0.40082,1.04296,0.00728339,0.00728339,0.00728339
353,3170.45,0.60528,0.43038,1.04703,0.92401,0.96848,0.98213,0.82515,0.60554,0.40261,1.03686,0.0072695,0.0072695,0.0072695
354,3179.28,0.63937,0.44322,1.04075,0.91708,0.96855,0.98231,0.82131,0.60867,0.39998,1.04372,0.00725559,0.00725559,0.00725559
355,3187.96,0.60159,0.427,1.04738,0.91445,0.9627,0.98205,0.82102,0.61058,0.3985,1.03807,0.00724165,0.00724165,0.00724165
356,3196.79,0.62585,0.43022,1.03594,0.91848,0.96562,0.98145,0.80995,0.61424,0.404,1.04235,0.0072277,0.0072277,0.0072277
357,3205.31,0.59719,0.42296,1.0499,0.91556,0.9697,0.98284,0.82721,0.61133,0.39705,1.03924,0.00721372,0.00721372,0.00721372
358,3214.05,0.60235,0.435,1.04826,0.9056,0.96218,0.98219,0.82306,0.61799,0.4009,1.03864,0.00719973,0.00719973,0.00719973
359,3222.73,0.59563,0.42498,1.04758,0.90981,0.96874,0.98209,0.8174,0.61535,0.39803,1.03522,0.00718571,0.00718571,0.00718571
360,3231.41,0.59868,0.42439,1.05136,0.92662,0.96018,0.98202,0.81318,0.62585,0.40014,1.05882,0.00717167,0.00717167,0.00717167
361,3240.22,0.61825,0.42832,1.05395,0.92338,0.96488,0.98193,0.81527,0.62075,0.40076,1.04897,0.00715761,0.00715761,0.00715761
362,3249.07,0.63953,0.44297,1.02966,0.91908,0.96054,0.98135,0.82025,0.6191,0.40215,1.05083,0.00714353,0.00714353,0.00714353
363,3257.91,0.62357,0.43941,1.03865,0.9138,0.97054,0.98349,0.82036,0.6135,0.40011,1.04419,0.00712942,0.00712942,0.00712942
364,3266.8,0.6525,0.45099,1.06948,0.91223,0.96226,0.98432,0.82466,0.61171,0.39935,1.04449,0.0071153,0.0071153,0.0071153
365,3275.99,0.58737,0.42372,1.03742,0.91504,0.96878,0.98349,0.82663,0.60979,0.39822,1.03815,0.00710116,0.00710116,0.00710116
366,3284.86,0.59358,0.4322,1.03147,0.92179,0.95625,0.98285,0.82885,0.61026,0.40294,1.04116,0.007087,0.007087,0.007087
367,3293.46,0.59356,0.42066,1.05246,0.90206,0.97305,0.98274,0.82046,0.60892,0.40295,1.04365,0.00707281,0.00707281,0.00707281
368,3302.65,0.6269,0.43574,1.05764,0.92085,0.97108,0.98246,0.82081,0.60886,0.40716,1.04282,0.00705861,0.00705861,0.00705861
369,3311.69,0.64319,0.43414,1.03684,0.91928,0.96543,0.98244,0.8194,0.6102,0.40515,1.04292,0.00704439,0.00704439,0.00704439
370,3320.5,0.59248,0.41771,1.03836,0.91816,0.9599,0.98216,0.81911,0.61577,0.40303,1.04284,0.00703014,0.00703014,0.00703014
371,3329.55,0.61461,0.42142,1.03799,0.91327,0.97035,0.98356,0.82223,0.62059,0.40508,1.04905,0.00701588,0.00701588,0.00701588
372,3338.48,0.62134,0.44357,1.03025,0.91454,0.96422,0.98269,0.81815,0.6203,0.40872,1.04516,0.0070016,0.0070016,0.0070016
373,3347.16,0.59817,0.42851,1.04586,0.917,0.96436,0.98222,0.81767,0.61461,0.40016,1.0378,0.0069873,0.0069873,0.0069873
374,3355.99,0.59348,0.42911,1.0285,0.92635,0.96383,0.98286,0.81742,0.60964,0.39769,1.04177,0.00697298,0.00697298,0.00697298
375,3365.05,0.59536,0.43237,1.0354,0.93061,0.96899,0.98263,0.81872,0.60295,0.39838,1.03909,0.00695864,0.00695864,0.00695864
376,3374.08,0.61184,0.42656,1.0516,0.93174,0.96874,0.98257,0.82144,0.60239,0.39824,1.03703,0.00694428,0.00694428,0.00694428
377,3383.17,0.64223,0.4294,1.03834,0.92463,0.96538,0.98256,0.8296,0.6061,0.39206,1.03069,0.00692991,0.00692991,0.00692991
378,3392.03,0.6191,0.4335,1.03213,0.92435,0.97051,0.98296,0.82974,0.60671,0.39097,1.02689,0.00691551,0.00691551,0.00691551
379,3400.78,0.59906,0.41434,1.01993,0.92337,0.97014,0.98323,0.82591,0.6087,0.39476,1.0368,0.0069011,0.0069011,0.0069011
380,3409.53,0.58395,0.41583,1.02784,0.92318,0.96517,0.98314,0.83552,0.60694,0.40051,1.03815,0.00688667,0.00688667,0.00688667
381,3418.4,0.60937,0.42994,1.03947,0.92933,0.96386,0.98185,0.83556,0.60892,0.40654,1.04379,0.00687222,0.00687222,0.00687222
382,3427.61,0.62225,0.42072,1.04164,0.9292,0.96168,0.98155,0.82794,0.61096,0.40524,1.05063,0.00685775,0.00685775,0.00685775
383,3436.49,0.59706,0.41557,1.0254,0.92459,0.97066,0.98221,0.82671,0.61516,0.40647,1.05306,0.00684326,0.00684326,0.00684326
384,3445.51,0.68107,0.43889,1.07739,0.92352,0.96852,0.98224,0.82384,0.6146,0.40138,1.04178,0.00682876,0.00682876,0.00682876
385,3454.01,0.56867,0.41253,1.02133,0.92128,0.96648,0.9843,0.82393,0.61125,0.39066,1.04402,0.00681424,0.00681424,0.00681424
386,3462.89,0.6061,0.42388,1.03645,0.92237,0.96501,0.98463,0.8189,0.61264,0.38758,1.04047,0.0067997,0.0067997,0.0067997
387,3471.56,0.57478,0.41751,1.05259,0.92825,0.96109,0.98329,0.8207,0.61127,0.39038,1.04243,0.00678514,0.00678514,0.00678514
388,3480.65,0.58657,0.41769,1.02523,0.9151,0.96749,0.98271,0.82387,0.60719,0.39628,1.03783,0.00677057,0.00677057,0.00677057
389,3489.45,0.59095,0.4212,1.04297,0.92376,0.97225,0.98424,0.82949,0.6031,0.39392,1.03792,0.00675598,0.00675598,0.00675598
390,3498.21,0.601,0.42491,1.02996,0.92338,0.96907,0.98401,0.82549,0.5968,0.40074,1.03254,0.00674138,0.00674138,0.00674138
391,3507.22,0.59925,0.41487,1.02345,0.92466,0.97215,0.98317,0.82466,0.60548,0.39239,1.04192,0.00672675,0.00672675,0.00672675
392,3516.14,0.60615,0.42025,1.02145,0.92388,0.96504,0.98326,0.82416,0.6018,0.3851,1.03486,0.00671211,0.00671211,0.00671211
393,3525.1,0.60563,0.42225,1.02679,0.92456,0.97167,0.98388,0.82885,0.60278,0.39004,1.04594,0.00669746,0.00669746,0.00669746
394,3533.77,0.59387,0.42399,1.02786,0.92607,0.96866,0.9832,0.82493,0.59868,0.39042,1.03791,0.00668278,0.00668278,0.00668278
395,3542.93,0.61528,0.41895,1.03777,0.92221,0.9706,0.98359,0.83103,0.60233,0.39229,1.03281,0.0066681,0.0066681,0.0066681
396,3552.05,0.60606,0.4157,1.01957,0.92113,0.96557,0.98271,0.8318,0.60258,0.39022,1.02544,0.00665339,0.00665339,0.00665339
397,3560.58,0.58101,0.40447,1.03843,0.91581,0.96505,0.98254,0.83428,0.60697,0.38533,1.02764,0.00663867,0.00663867,0.00663867
398,3569.46,0.59502,0.41403,1.04028,0.92014,0.97255,0.98367,0.83946,0.60444,0.39048,1.03039,0.00662393,0.00662393,0.00662393
399,3578.18,0.61619,0.41618,1.05479,0.91754,0.96926,0.98337,0.83417,0.59885,0.39348,1.03325,0.00660918,0.00660918,0.00660918
400,3587.03,0.61274,0.42088,1.04089,0.92279,0.96854,0.98372,0.83518,0.6013,0.3945,1.04461,0.00659442,0.00659442,0.00659442
401,3595.76,0.55858,0.40296,1.011,0.92818,0.96825,0.98415,0.83664,0.60411,0.39524,1.03816,0.00657963,0.00657963,0.00657963
402,3604.45,0.5969,0.43909,1.04113,0.92173,0.9706,0.98383,0.82908,0.6061,0.3926,1.03779,0.00656484,0.00656484,0.00656484
403,3613.12,0.566,0.40742,1.01618,0.92353,0.97319,0.98303,0.82359,0.6054,0.39086,1.03812,0.00655002,0.00655002,0.00655002
404,3621.93,0.59144,0.41843,1.02502,0.91581,0.96962,0.9838,0.82125,0.60468,0.38928,1.03466,0.0065352,0.0065352,0.0065352
405,3630.57,0.60588,0.41676,1.04002,0.8911,0.98121,0.98288,0.82265,0.60261,0.38796,1.03515,0.00652036,0.00652036,0.00652036
406,3639.25,0.58539,0.40566,1.0528,0.92022,0.96909,0.98307,0.82199,0.60446,0.38782,1.03781,0.0065055,0.0065055,0.0065055
407,3647.81,0.60105,0.42949,1.03318,0.92722,0.96437,0.98356,0.8298,0.6107,0.39161,1.03951,0.00649063,0.00649063,0.00649063
408,3656.86,0.60651,0.41428,1.04086,0.92423,0.9685,0.98401,0.83299,0.59911,0.38996,1.02949,0.00647574,0.00647574,0.00647574
409,3665.95,0.62802,0.42915,1.0285,0.9226,0.96935,0.9842,0.83018,0.59991,0.39704,1.03068,0.00646085,0.00646085,0.00646085
410,3674.9,0.6315,0.42865,1.05675,0.92553,0.9714,0.98486,0.83129,0.596,0.38751,1.02545,0.00644593,0.00644593,0.00644593
411,3683.71,0.62072,0.40909,1.02392,0.92354,0.97165,0.98483,0.82585,0.60358,0.38596,1.03732,0.00643101,0.00643101,0.00643101
412,3692.42,0.61664,0.43104,1.05988,0.92651,0.97231,0.98463,0.83124,0.60255,0.38083,1.03467,0.00641607,0.00641607,0.00641607
413,3701.02,0.54597,0.38459,1.00473,0.9255,0.97129,0.9852,0.8288,0.60668,0.38067,1.04059,0.00640111,0.00640111,0.00640111
414,3709.72,0.58678,0.39371,1.02346,0.92638,0.97266,0.98479,0.83504,0.60592,0.38162,1.03663,0.00638615,0.00638615,0.00638615
415,3718.69,0.60186,0.43565,1.02,0.92316,0.97087,0.98455,0.83405,0.60669,0.38253,1.03953,0.00637116,0.00637116,0.00637116
416,3727.4,0.58467,0.41398,1.03504,0.91581,0.97041,0.98519,0.83961,0.60464,0.3826,1.04099,0.00635617,0.00635617,0.00635617
417,3736.51,0.59617,0.41761,1.02401,0.92309,0.97241,0.98405,0.83198,0.60229,0.38356,1.04003,0.00634117,0.00634117,0.00634117
418,3745.44,0.58302,0.41046,1.02224,0.92533,0.97194,0.98458,0.83247,0.60463,0.38296,1.0469,0.00632615,0.00632615,0.00632615
419,3754.39,0.60361,0.43346,1.03431,0.92317,0.97309,0.98405,0.83558,0.60065,0.38059,1.03581,0.00631112,0.00631112,0.00631112
420,3763.19,0.60216,0.41863,1.03352,0.92414,0.96595,0.98348,0.82341,0.60799,0.39432,1.04334,0.00629607,0.00629607,0.00629607
421,3772.17,0.57466,0.41189,1.02662,0.91992,0.96697,0.98312,0.83034,0.60407,0.38663,1.03915,0.00628101,0.00628101,0.00628101
422,3781.03,0.59747,0.41508,1.03529,0.92097,0.97287,0.98422,0.83037,0.60462,0.37501,1.04167,0.00626595,0.00626595,0.00626595
423,3789.89,0.56814,0.39183,1.02435,0.9244,0.96878,0.98453,0.82592,0.60082,0.38438,1.03277,0.00625087,0.00625087,0.00625087
424,3798.81,0.61438,0.42683,1.05111,0.92769,0.9753,0.98498,0.82839,0.60504,0.38857,1.0376,0.00623577,0.00623577,0.00623577
425,3807.48,0.60366,0.42187,1.03506,0.9184,0.96675,0.98367,0.82968,0.60567,0.38306,1.0345,0.00622067,0.00622067,0.00622067
426,3816.52,0.58019,0.39631,1.02326,0.92274,0.97087,0.98376,0.82813,0.60156,0.37926,1.02699,0.00620555,0.00620555,0.00620555
427,3825.29,0.58838,0.39666,1.02214,0.92512,0.9699,0.9841,0.83198,0.59651,0.37551,1.02837,0.00619043,0.00619043,0.00619043
428,3834.01,0.58135,0.40687,1.01053,0.92727,0.97259,0.98414,0.82951,0.59631,0.37895,1.03515,0.00617529,0.00617529,0.00617529
429,3842.81,0.57215,0.40386,1.02378,0.92262,0.97213,0.98334,0.83288,0.59443,0.37607,1.03432,0.00616014,0.00616014,0.00616014
430,3851.36,0.55712,0.40633,1.01717,0.92378,0.96867,0.98298,0.8284,0.59641,0.37362,1.03404,0.00614498,0.00614498,0.00614498
431,3860.58,0.5736,0.3994,0.9918,0.92485,0.97038,0.98289,0.82907,0.59773,0.37797,1.03583,0.00612981,0.00612981,0.00612981
432,3869.2,0.54122,0.38858,1.0207,0.91435,0.97111,0.98388,0.83385,0.59395,0.38269,1.03171,0.00611463,0.00611463,0.00611463
433,3878.2,0.56917,0.39373,0.99986,0.91355,0.9712,0.98334,0.83102,0.59698,0.38617,1.02588,0.00609944,0.00609944,0.00609944
434,3887.24,0.59786,0.40845,1.0194,0.91877,0.97431,0.98429,0.82916,0.59911,0.38194,1.03104,0.00608423,0.00608423,0.00608423
435,3895.94,0.60216,0.40053,1.01998,0.92116,0.96659,0.9838,0.8263,0.60273,0.38002,1.0347,0.00606902,0.00606902,0.00606902
436,3904.51,0.55715,0.38447,1.0166,0.91814,0.96603,0.98389,0.83369,0.59832,0.38311,1.02739,0.0060538,0.0060538,0.0060538
437,3913.62,0.56004,0.39932,1.00523,0.91842,0.96756,0.9833,0.83298,0.59975,0.38167,1.02831,0.00603856,0.00603856,0.00603856
438,3922.36,0.55688,0.39249,1.03356,0.91111,0.9674,0.98212,0.82417,0.60262,0.3787,1.02805,0.00602332,0.00602332,0.00602332
439,3931.26,0.56824,0.39814,1.00491,0.91766,0.96422,0.98246,0.82543,0.60714,0.37663,1.03211,0.00600807,0.00600807,0.00600807
440,3939.97,0.56167,0.39617,1.01729,0.92528,0.96257,0.98332,0.82922,0.6048,0.38139,1.0321,0.00599281,0.00599281,0.00599281
441,3948.7,0.57064,0.40176,1.02466,0.92884,0.96634,0.98323,0.82445,0.59956,0.37883,1.03087,0.00597754,0.00597754,0.00597754
442,3957.63,0.57541,0.40348,1.02035,0.92591,0.96587,0.98222,0.82631,0.59656,0.37867,1.03396,0.00596226,0.00596226,0.00596226
443,3966.38,0.55669,0.39589,1.01735,0.92507,0.9673,0.98387,0.82893,0.59226,0.37704,1.02965,0.00594697,0.00594697,0.00594697
444,3975.16,0.58095,0.39642,1.02107,0.92389,0.97057,0.98359,0.83153,0.59668,0.37568,1.0339,0.00593167,0.00593167,0.00593167
445,3984.33,0.5941,0.4029,1.02358,0.92013,0.96996,0.98251,0.82792,0.59678,0.37798,1.03591,0.00591636,0.00591636,0.00591636
446,3993.06,0.55863,0.38811,1.00951,0.9155,0.96874,0.98281,0.83014,0.60074,0.37798,1.03521,0.00590105,0.00590105,0.00590105
447,4001.83,0.55064,0.3877,1.00831,0.91966,0.97139,0.98377,0.8281,0.59937,0.37503,1.03347,0.00588573,0.00588573,0.00588573
448,4010.78,0.57254,0.39026,1.01919,0.92665,0.9719,0.98353,0.82647,0.5954,0.37615,1.03139,0.00587039,0.00587039,0.00587039
449,4019.4,0.59095,0.40017,1.01663,0.92822,0.97002,0.98404,0.83035,0.59732,0.3748,1.03817,0.00585505,0.00585505,0.00585505
450,4028.06,0.58811,0.41825,1.02535,0.92595,0.96831,0.9839,0.83372,0.59738,0.371,1.03675,0.00583971,0.00583971,0.00583971
451,4036.45,0.54816,0.39523,1.01877,0.92811,0.96809,0.98367,0.82954,0.59653,0.37471,1.03872,0.00582435,0.00582435,0.00582435
452,4045.06,0.59389,0.39059,1.02191,0.92715,0.96893,0.98356,0.82952,0.59536,0.37759,1.03798,0.00580899,0.00580899,0.00580899
453,4053.76,0.53675,0.37708,1.01357,0.92385,0.96587,0.98344,0.83422,0.59336,0.37448,1.03356,0.00579362,0.00579362,0.00579362
454,4062.56,0.56251,0.39003,1.01664,0.92542,0.96484,0.98409,0.83737,0.59114,0.37821,1.03534,0.00577824,0.00577824,0.00577824
455,4071.28,0.57683,0.40243,1.03112,0.92316,0.9702,0.98389,0.83967,0.59055,0.37374,1.03299,0.00576285,0.00576285,0.00576285
456,4079.92,0.54605,0.39149,1.01512,0.92466,0.96865,0.98391,0.83676,0.59131,0.37274,1.03136,0.00574746,0.00574746,0.00574746
457,4088.73,0.60491,0.40363,0.9979,0.92659,0.97044,0.98389,0.83474,0.59254,0.37486,1.03211,0.00573206,0.00573206,0.00573206
458,4097.48,0.56011,0.40206,1.0182,0.92354,0.97058,0.98393,0.83571,0.58833,0.37632,1.03055,0.00571666,0.00571666,0.00571666
459,4106,0.56318,0.38257,1.01039,0.92008,0.97539,0.98421,0.83306,0.59002,0.38003,1.03025,0.00570124,0.00570124,0.00570124
460,4115.19,0.58987,0.39464,1.02106,0.92002,0.97031,0.98382,0.83327,0.59465,0.37947,1.03112,0.00568582,0.00568582,0.00568582
461,4124.22,0.55977,0.38752,1.02133,0.9219,0.97132,0.98376,0.83229,0.59356,0.37663,1.02789,0.0056704,0.0056704,0.0056704
462,4133.1,0.56258,0.38319,1.02471,0.92537,0.97573,0.98394,0.82831,0.60035,0.37657,1.03872,0.00565497,0.00565497,0.00565497
463,4141.9,0.54137,0.38162,1.00716,0.92323,0.97203,0.98374,0.83003,0.59897,0.37565,1.03936,0.00563953,0.00563953,0.00563953
464,4150.95,0.57106,0.39479,1.02711,0.92459,0.96665,0.98419,0.82656,0.60265,0.3788,1.0439,0.00562409,0.00562409,0.00562409
465,4159.55,0.55654,0.38694,1.00913,0.92206,0.96708,0.98419,0.82981,0.60026,0.37639,1.03985,0.00560864,0.00560864,0.00560864
466,4168.17,0.53784,0.37052,1.01335,0.91942,0.97194,0.98447,0.82785,0.59728,0.37175,1.04153,0.00559318,0.00559318,0.00559318
467,4177.26,0.55663,0.38349,1.01966,0.9226,0.96917,0.98452,0.83249,0.5951,0.3743,1.04047,0.00557773,0.00557773,0.00557773
468,4186.34,0.55944,0.388,1.01649,0.91975,0.97461,0.98396,0.83122,0.58968,0.37625,1.03545,0.00556226,0.00556226,0.00556226
469,4195.15,0.56922,0.38735,1.02241,0.91713,0.97222,0.98432,0.83236,0.58817,0.37493,1.03303,0.00554679,0.00554679,0.00554679
470,4203.84,0.55938,0.39525,1.01684,0.9217,0.97466,0.98387,0.83488,0.59417,0.3733,1.04233,0.00553132,0.00553132,0.00553132
471,4212.73,0.56403,0.40505,1.0152,0.9226,0.97251,0.98408,0.82804,0.59657,0.37491,1.04221,0.00551584,0.00551584,0.00551584
472,4221.69,0.55837,0.39441,1.0288,0.91875,0.97371,0.98375,0.82782,0.60119,0.37633,1.04372,0.00550035,0.00550035,0.00550035
473,4230.77,0.57724,0.40761,1.01455,0.92191,0.97337,0.98295,0.82313,0.60066,0.38119,1.04209,0.00548486,0.00548486,0.00548486
474,4239.53,0.57543,0.39124,1.00288,0.92475,0.97803,0.98306,0.83085,0.59912,0.38098,1.04106,0.00546937,0.00546937,0.00546937
475,4248.13,0.56606,0.38369,1.01236,0.92388,0.97321,0.98354,0.83069,0.59667,0.37838,1.03557,0.00545387,0.00545387,0.00545387
476,4257.17,0.56273,0.38675,1.00942,0.92187,0.97139,0.98304,0.83133,0.58925,0.37789,1.03363,0.00543837,0.00543837,0.00543837
477,4266.12,0.58018,0.39643,1.00273,0.92154,0.97167,0.98341,0.82986,0.58625,0.3743,1.0279,0.00542287,0.00542287,0.00542287
478,4275.23,0.56779,0.40348,1.03284,0.92626,0.96963,0.98327,0.82828,0.58845,0.37456,1.02972,0.00540736,0.00540736,0.00540736
479,4284.13,0.56386,0.39496,1.00504,0.92815,0.96851,0.98267,0.83219,0.59069,0.37467,1.02867,0.00539185,0.00539185,0.00539185
480,4292.69,0.56888,0.38615,1.01395,0.9267,0.96733,0.98269,0.83373,0.59168,0.37427,1.02465,0.00537633,0.00537633,0.00537633
481,4301.39,0.52927,0.3793,0.99751,0.9259,0.97419,0.98421,0.83568,0.59086,0.37217,1.02233,0.00536081,0.00536081,0.00536081
482,4310.2,0.56647,0.3863,1.00593,0.92744,0.96802,0.984,0.83507,0.59366,0.3684,1.02143,0.00534529,0.00534529,0.00534529
483,4319.26,0.57273,0.38716,1.01525,0.93346,0.9699,0.98431,0.836,0.58985,0.37335,1.02595,0.00532977,0.00532977,0.00532977
484,4327.83,0.56045,0.383,1.00361,0.93311,0.97043,0.98474,0.83729,0.58895,0.36833,1.02741,0.00531424,0.00531424,0.00531424
485,4336.56,0.56817,0.39123,1.01558,0.92917,0.97397,0.98388,0.83672,0.59361,0.37226,1.03248,0.00529871,0.00529871,0.00529871
486,4345.35,0.55506,0.37621,1.01953,0.9292,0.97514,0.98376,0.83098,0.59197,0.37392,1.02968,0.00528318,0.00528318,0.00528318
487,4353.86,0.53835,0.36678,1.01878,0.93659,0.96901,0.98393,0.83777,0.5918,0.37127,1.03068,0.00526764,0.00526764,0.00526764
488,4362.49,0.54869,0.36581,1.01589,0.92932,0.97474,0.9838,0.8282,0.59553,0.37179,1.03301,0.00525211,0.00525211,0.00525211
489,4371.24,0.54818,0.37579,1.01393,0.93133,0.97515,0.98353,0.83447,0.59678,0.37288,1.03352,0.00523657,0.00523657,0.00523657
490,4379.94,0.54027,0.37108,0.9869,0.93073,0.97445,0.9836,0.83627,0.59952,0.37437,1.04095,0.00522103,0.00522103,0.00522103
491,4389.02,0.53975,0.38529,1.01099,0.93184,0.97399,0.98368,0.83389,0.59768,0.37542,1.04178,0.00520548,0.00520548,0.00520548
492,4397.73,0.54347,0.37773,1.01543,0.9325,0.97494,0.98309,0.83263,0.59676,0.37391,1.03996,0.00518994,0.00518994,0.00518994
493,4406.38,0.57296,0.38658,1.01518,0.93054,0.97856,0.98365,0.83365,0.59407,0.37302,1.02759,0.00517439,0.00517439,0.00517439
494,4415.24,0.54311,0.36559,0.99867,0.93042,0.97833,0.9837,0.83078,0.59283,0.3715,1.02665,0.00515885,0.00515885,0.00515885
495,4424.22,0.5529,0.38655,1.00085,0.93267,0.97654,0.98333,0.82866,0.59225,0.37298,1.02538,0.0051433,0.0051433,0.0051433
496,4433.22,0.57995,0.39125,1.00053,0.92744,0.97406,0.9833,0.82634,0.59081,0.37272,1.02628,0.00512775,0.00512775,0.00512775
497,4441.92,0.54458,0.37429,0.99033,0.92923,0.97477,0.98354,0.83349,0.59057,0.37111,1.03011,0.0051122,0.0051122,0.0051122
498,4450.67,0.54347,0.37065,1.00948,0.92875,0.97585,0.98356,0.83202,0.5942,0.37413,1.03318,0.00509665,0.00509665,0.00509665
499,4459.69,0.56033,0.3762,1.00116,0.9264,0.97815,0.98462,0.83076,0.58694,0.37494,1.0279,0.0050811,0.0050811,0.0050811
500,4468.58,0.57672,0.41059,1.0279,0.9277,0.97443,0.98465,0.83846,0.58644,0.3689,1.02649,0.00506555,0.00506555,0.00506555
501,4477.64,0.55523,0.385,1.00275,0.92599,0.97544,0.98391,0.83341,0.59254,0.37075,1.02824,0.00505,0.00505,0.00505
502,4486.46,0.56884,0.3818,1.00847,0.92906,0.9714,0.98453,0.8328,0.59306,0.3762,1.02801,0.00503445,0.00503445,0.00503445
503,4495.39,0.52833,0.36392,1.00148,0.93328,0.97209,0.98386,0.83425,0.59137,0.37591,1.02524,0.0050189,0.0050189,0.0050189
504,4504.13,0.56074,0.38378,1.0099,0.93232,0.97371,0.98429,0.83664,0.59013,0.37336,1.02664,0.00500335,0.00500335,0.00500335
505,4512.91,0.55414,0.38942,1.02484,0.92706,0.97255,0.98423,0.83781,0.58799,0.3734,1.02504,0.0049878,0.0049878,0.0049878
